Title,Link,ID,Status
Money Heist,https://www.netflix.com/in/title/80192098,80192098,TV Shows
Lucifer,https://www.netflix.com/in/title/80057918,80057918,TV Shows
Dark,https://www.netflix.com/in/title/80100172,80100172,TV Shows
The Umbrella Academy,https://www.netflix.com/in/title/80186863,80186863,TV Shows
Dark Desire,https://www.netflix.com/in/title/81090319,81090319,TV Shows
Sex Education,https://www.netflix.com/in/title/80197526,80197526,TV Shows
Stranger Things,https://www.netflix.com/in/title/80057281,80057281,TV Shows//TV Sci-Fi & Fantasy
Sacred Games,https://www.netflix.com/in/title/80115328,80115328,TV Shows//New Releases
It's Okay to Not Be Okay,https://www.netflix.com/in/title/81243992,81243992,TV Shows//New Releases
Delhi Crime,https://www.netflix.com/in/title/81076756,81076756,TV Shows//New Releases
Jamtara - Sabka Number Ayega,https://www.netflix.com/in/title/81183491,81183491,TV Shows//New Releases//Popular on Netflix
Peaky Blinders,https://www.netflix.com/in/title/80002479,80002479,TV Shows//New Releases//Popular on Netflix
Cursed,https://www.netflix.com/in/title/80199393,80199393,TV Shows//TV Sci-Fi & Fantasy
Never Have I Ever,https://www.netflix.com/in/title/80179190,80179190,TV Shows//New Releases//US TV Shows
Little Things,https://www.netflix.com/in/title/81011159,81011159,TV Shows//New Releases//Popular on Netflix
Indian Matchmaking,https://www.netflix.com/in/title/80244565,80244565,TV Shows//New Releases//US TV Shows
Narcos,https://www.netflix.com/in/title/80025172,80025172,TV Shows//US TV Shows
13 Reasons Why,https://www.netflix.com/in/title/80117470,80117470,TV Shows//New Releases//US TV Shows
She,https://www.netflix.com/in/title/81183494,81183494,TV Shows//New Releases//Popular on Netflix
The Witcher,https://www.netflix.com/in/title/80189685,80189685,TV Shows//TV Sci-Fi & Fantasy
Lost in Space,https://www.netflix.com/in/title/80104198,80104198,TV Shows//TV Sci-Fi & Fantasy//Popular on Netflix
Crash Landing on You,https://www.netflix.com/in/title/81159258,81159258,TV Shows//New Releases//Popular on Netflix//TV Dramas
Locke & Key,https://www.netflix.com/in/title/80241239,80241239,TV Shows//TV Sci-Fi & Fantasy//Popular on Netflix
You,https://www.netflix.com/in/title/80211991,80211991,TV Shows//New Releases//US TV Shows//Popular on Netflix
The Protector,https://www.netflix.com/in/title/80189829,80189829,TV Shows//TV Sci-Fi & Fantasy//Popular on Netflix
Elite,https://www.netflix.com/in/title/80200942,80200942,TV Shows//New Releases//Popular on Netflix//Crime TV Shows
How to Sell Drugs Online (Fast),https://www.netflix.com/in/title/80218448,80218448,TV Shows//New Releases//Popular on Netflix//Crime TV Shows
Bard of Blood,https://www.netflix.com/in/title/80225885,80225885,TV Shows//New Releases//Popular on Netflix//TV Dramas
The King: Eternal Monarch,https://www.netflix.com/in/title/81260283,81260283,TV Shows//TV Sci-Fi & Fantasy//New Releases//Popular on Netflix//Crime TV Shows
The Rain,https://www.netflix.com/in/title/80154610,80154610,TV Shows//TV Sci-Fi & Fantasy//New Releases//Popular on Netflix//TV Dramas
Fauda,https://www.netflix.com/in/title/80113612,80113612,TV Shows//New Releases//Popular on Netflix//Crime TV Shows
Betaal,https://www.netflix.com/in/title/81061789,81061789,TV Shows//New Releases//Popular on Netflix//TV Thrillers
Meteor Garden,https://www.netflix.com/in/title/81005504,81005504,TV Shows//Popular on Netflix//TV Dramas
Marvel's Daredevil,https://www.netflix.com/in/title/80018294,80018294,TV Shows//US TV Shows//Popular on Netflix
Ozark,https://www.netflix.com/in/title/80117552,80117552,TV Shows//New Releases//US TV Shows//Popular on Netflix//Crime TV Shows
Marvel's Iron Fist,https://www.netflix.com/in/title/80002612,80002612,TV Shows//US TV Shows//Popular on Netflix//Crime TV Shows
Titans,https://www.netflix.com/in/title/80218200,80218200,TV Shows//TV Sci-Fi & Fantasy//New Releases//US TV Shows//Popular on Netflix//Crime TV Shows//TV Action & Adventure
Shadowhunters: The Mortal Instruments,https://www.netflix.com/in/title/80084447,80084447,TV Shows//TV Sci-Fi & Fantasy//New Releases//US TV Shows//Popular on Netflix//Horror TV Serials
Too Hot to Handle,https://www.netflix.com/in/title/80241027,80241027,TV Shows//New Releases//US TV Shows//Popular on Netflix
Chilling Adventures of Sabrina,https://www.netflix.com/in/title/80223989,80223989,TV Shows//TV Sci-Fi & Fantasy//New Releases//US TV Shows//Popular on Netflix//Horror TV Serials
House of Cards,https://www.netflix.com/in/title/70178217,70178217,TV Shows//US TV Shows//Popular on Netflix//TV Dramas
Black Mirror,https://www.netflix.com/in/title/70264888,70264888,TV Shows//TV Sci-Fi & Fantasy//New Releases//Popular on Netflix//TV Dramas
Teenage Bounty Hunters,https://www.netflix.com/in/title/80244296,80244296,TV Shows//New Releases//US TV Shows//Popular on Netflix//Crime TV Shows//TV Dramas//TV Comedies
Orange Is the New Black,https://www.netflix.com/in/title/70242311,70242311,TV Shows//New Releases//US TV Shows//Popular on Netflix//TV Dramas//TV Comedies
Designated Survivor,https://www.netflix.com/in/title/80113647,80113647,TV Shows//New Releases//US TV Shows//Popular on Netflix//Crime TV Shows//TV Dramas//TV Thrillers
Itaewon Class,https://www.netflix.com/in/title/81193309,81193309,TV Shows//New Releases//Popular on Netflix//TV Dramas
Warrior Nun,https://www.netflix.com/in/title/80242724,80242724,TV Shows//TV Sci-Fi & Fantasy//New Releases//US TV Shows//Popular on Netflix//TV Action & Adventure
The Last Kingdom,https://www.netflix.com/in/title/80074249,80074249,TV Shows//New Releases//Popular on Netflix//TV Dramas//TV Action & Adventure
BoJack Horseman,https://www.netflix.com/in/title/70300800,70300800,TV Shows//New Releases//US TV Shows//Popular on Netflix//TV Comedies
The Crown,https://www.netflix.com/in/title/80025678,80025678,TV Shows//New Releases//Popular on Netflix//TV Dramas
Our Planet,https://www.netflix.com/in/title/80049832,80049832,TV Shows//New Releases//US TV Shows//Popular on Netflix//Documentaries
Insatiable,https://www.netflix.com/in/title/80179905,80179905,TV Shows//New Releases//US TV Shows//Popular on Netflix//TV Dramas//TV Comedies
MINDHUNTER,https://www.netflix.com/in/title/80114855,80114855,TV Shows//New Releases//US TV Shows//Popular on Netflix//Crime TV Shows//TV Dramas//TV Thrillers
The End of the F***ing World,https://www.netflix.com/in/title/80175722,80175722,TV Shows//New Releases//Popular on Netflix//TV Dramas//TV Comedies
Formula 1: Drive to Survive,https://www.netflix.com/in/title/80204890,80204890,TV Shows//New Releases//US TV Shows//Popular on Netflix//Documentaries
Shooter,https://www.netflix.com/in/title/80109194,80109194,TV Shows//US TV Shows//Popular on Netflix//Crime TV Shows//TV Dramas//TV Action & Adventure
Bodyguard,https://www.netflix.com/in/title/80235864,80235864,TV Shows//Popular on Netflix//Crime TV Shows//TV Dramas//TV Thrillers
Dynasty,https://www.netflix.com/in/title/80179394,80179394,TV Shows//New Releases//US TV Shows//Popular on Netflix//TV Dramas
BAKI,https://www.netflix.com/in/title/80204451,80204451,TV Shows//New Releases//Popular on Netflix
El Chapo,https://www.netflix.com/in/title/80133042,80133042,TV Shows//US TV Shows//Popular on Netflix//Crime TV Shows//TV Dramas//TV Thrillers
Good Girls,https://www.netflix.com/in/title/80177342,80177342,TV Shows//New Releases//US TV Shows//Popular on Netflix//Crime TV Shows//TV Dramas//TV Comedies
The Order,https://www.netflix.com/in/title/80238357,80238357,TV Shows//TV Sci-Fi & Fantasy//New Releases//Popular on Netflix//TV Dramas//Horror TV Serials
Narcos: Mexico,https://www.netflix.com/in/title/80997085,80997085,TV Shows//New Releases//US TV Shows//Popular on Netflix//Crime TV Shows//TV Dramas//TV Thrillers
Altered Carbon,https://www.netflix.com/in/title/80097140,80097140,TV Shows//TV Sci-Fi & Fantasy//New Releases//US TV Shows//Popular on Netflix//Crime TV Shows//TV Dramas//TV Thrillers//TV Action & Adventure
Marvel's The Punisher,https://www.netflix.com/in/title/80117498,80117498,TV Shows//New Releases//US TV Shows//Popular on Netflix//Crime TV Shows//TV Thrillers//TV Action & Adventure
Love Alarm,https://www.netflix.com/in/title/80168068,80168068,TV Shows//New Releases//Popular on Netflix//TV Dramas
The Haunting of Hill House,https://www.netflix.com/in/title/80189221,80189221,TV Shows//US TV Shows//Popular on Netflix//TV Dramas//Horror TV Serials
Kingdom,https://www.netflix.com/in/title/80180171,80180171,TV Shows//New Releases//Popular on Netflix//TV Dramas//TV Thrillers//TV Action & Adventure
Anne with an E,https://www.netflix.com/in/title/80136311,80136311,TV Shows//New Releases//Popular on Netflix//TV Dramas
The Spy,https://www.netflix.com/in/title/80178151,80178151,TV Shows//New Releases//Popular on Netflix//TV Dramas//TV Thrillers
The Last Dance,https://www.netflix.com/in/title/80203144,80203144,TV Shows//New Releases//US TV Shows//Popular on Netflix//Documentaries
Was It Love?,https://www.netflix.com/in/title/81289013,81289013,TV Shows//New Releases//Popular on Netflix//TV Comedies
High Seas,https://www.netflix.com/in/title/80233258,80233258,TV Shows//New Releases//Popular on Netflix//Crime TV Shows//TV Dramas//TV Thrillers
Rise of Empires: Ottoman,https://www.netflix.com/in/title/80990771,80990771,TV Shows//New Releases//US TV Shows//Documentaries
Snowpiercer,https://www.netflix.com/in/title/80177458,80177458,TV Shows//TV Sci-Fi & Fantasy//New Releases//US TV Shows//Crime TV Shows//TV Dramas//TV Thrillers//TV Action & Adventure
Gunjan Saxena: The Kargil Girl,https://www.netflix.com/in/title/81292944,81292944,Action & Adventure
Project Power,https://www.netflix.com/in/title/80204465,80204465,Action & Adventure
Extraction,https://www.netflix.com/in/title/80230399,80230399,Action & Adventure
The Old Guard,https://www.netflix.com/in/title/81038963,81038963,Action & Adventure
Drive,https://www.netflix.com/in/title/81189912,81189912,Action & Adventure
6 Underground,https://www.netflix.com/in/title/81001887,81001887,Action & Adventure//Popular on Netflix
Mowgli: Legend of the Jungle,https://www.netflix.com/in/title/80993105,80993105,Action & Adventure//Popular on Netflix//Children & Family Movies
Triple Frontier,https://www.netflix.com/in/title/80192187,80192187,Action & Adventure//New Releases//Popular on Netflix
Spenser Confidential,https://www.netflix.com/in/title/81005492,81005492,Action & Adventure//Comedies
Revenge,https://www.netflix.com/in/title/80209746,80209746,Action & Adventure
Shaft,https://www.netflix.com/in/title/80232655,80232655,Action & Adventure//Comedies
Spectral,https://www.netflix.com/in/title/80098200,80098200,Action & Adventure
Polar,https://www.netflix.com/in/title/80223052,80223052,Action & Adventure
Okja,https://www.netflix.com/in/title/80091936,80091936,Action & Adventure//Comedies
Bright,https://www.netflix.com/in/title/80119234,80119234,Action & Adventure
Rim of the World,https://www.netflix.com/in/title/80218306,80218306,Action & Adventure
Lost Bullet,https://www.netflix.com/in/title/81108579,81108579,Action & Adventure
Extinction,https://www.netflix.com/in/title/80236421,80236421,Action & Adventure
6 Days,https://www.netflix.com/in/title/80178280,80178280,Action & Adventure
The Siege of Jadotville,https://www.netflix.com/in/title/80041653,80041653,Action & Adventure
Burn Out,https://www.netflix.com/in/title/80171678,80171678,Action & Adventure
Revenger,https://www.netflix.com/in/title/81000511,81000511,Action & Adventure
Outlaw King,https://www.netflix.com/in/title/80190859,80190859,Action & Adventure
Sand Castle,https://www.netflix.com/in/title/80118916,80118916,Action & Adventure
The Cloverfield Paradox,https://www.netflix.com/in/title/80134431,80134431,Action & Adventure
The Night Comes for Us,https://www.netflix.com/in/title/80148162,80148162,Action & Adventure
Point Blank,https://www.netflix.com/in/title/80221677,80221677,Action & Adventure
Bleach,https://www.netflix.com/in/title/80217733,80217733,Action & Adventure
"Crouching Tiger, Hidden Dragon: Sword of Destiny",https://www.netflix.com/in/title/80039717,80039717,Action & Adventure
The Do-Over,https://www.netflix.com/in/title/80063265,80063265,Action & Adventure//Comedies
The Crew,https://www.netflix.com/in/title/80196044,80196044,Action & Adventure
Blade of the Immortal,https://www.netflix.com/in/title/80191740,80191740,Action & Adventure
How It Ends,https://www.netflix.com/in/title/80167481,80167481,Action & Adventure
Close,https://www.netflix.com/in/title/80207371,80207371,Action & Adventure
The Last Days of American Crime,https://www.netflix.com/in/title/80198975,80198975,Action & Adventure
Maria,https://www.netflix.com/in/title/80236341,80236341,Action & Adventure
NiNoKuni,https://www.netflix.com/in/title/81093113,81093113,Action & Adventure//Children & Family Movies
Furie,https://www.netflix.com/in/title/81075519,81075519,Action & Adventure
The Decline,https://www.netflix.com/in/title/81013927,81013927,Action & Adventure
Da 5 Bloods,https://www.netflix.com/in/title/81045635,81045635,Action & Adventure
Paskal,https://www.netflix.com/in/title/81031178,81031178,Action & Adventure
The Ridiculous 6,https://www.netflix.com/in/title/80039517,80039517,Action & Adventure//Comedies
Wheelman,https://www.netflix.com/in/title/80113669,80113669,Action & Adventure
The Lovebirds,https://www.netflix.com/in/title/81248748,81248748,Action & Adventure//Comedies
Hold the Dark,https://www.netflix.com/in/title/80157072,80157072,Action & Adventure
True Memoirs of an International Assassin,https://www.netflix.com/in/title/80091658,80091658,Action & Adventure//Comedies
"Game Over, Man!",https://www.netflix.com/in/title/80169617,80169617,Action & Adventure//Comedies
Coffee & Kareem,https://www.netflix.com/in/title/80220009,80220009,Action & Adventure//Comedies
Altered Carbon: Resleeved,https://www.netflix.com/in/title/81001991,81001991,Action & Adventure
Steel Rain,https://www.netflix.com/in/title/80226234,80226234,Action & Adventure
GODZILLA Planet of the Monsters,https://www.netflix.com/in/title/80180373,80180373,Action & Adventure
The Climb,https://www.netflix.com/in/title/80194671,80194671,Action & Adventure
A Prayer Before Dawn,https://www.netflix.com/in/title/80191372,80191372,Action & Adventure
FullMetal Alchemist,https://www.netflix.com/in/title/80223731,80223731,Action & Adventure
Dragon Quest Your Story,https://www.netflix.com/in/title/81170086,81170086,Action & Adventure//Children & Family Movies
Manhunt,https://www.netflix.com/in/title/80209866,80209866,Action & Adventure//Crime TV Shows//TV Thrillers
Psychokinesis,https://www.netflix.com/in/title/80226424,80226424,Action & Adventure
GODZILLA City on the Edge of Battle,https://www.netflix.com/in/title/80180376,80180376,Action & Adventure
The Killer,https://www.netflix.com/in/title/80127990,80127990,Action & Adventure
Illang: The Wolf Brigade,https://www.netflix.com/in/title/80239666,80239666,Action & Adventure
Paradise Beach,https://www.netflix.com/in/title/81079723,81079723,Action & Adventure
GODZILLA The Planet Eater,https://www.netflix.com/in/title/80198623,80198623,Action & Adventure
Big Fish & Begonia,https://www.netflix.com/in/title/80233883,80233883,Action & Adventure
BLAME!,https://www.netflix.com/in/title/80115466,80115466,Action & Adventure
Sol Levante,https://www.netflix.com/in/title/81017017,81017017,Action & Adventure
The World Is Yours,https://www.netflix.com/in/title/81021528,81021528,Action & Adventure
The 4th Company,https://www.netflix.com/in/title/80161104,80161104,Action & Adventure
Pulang,https://www.netflix.com/in/title/81020161,81020161,Action & Adventure
The Legacy of a Whitetail Deer Hunter,https://www.netflix.com/in/title/80176715,80176715,Action & Adventure
Another Life,https://www.netflix.com/in/title/80236236,80236236,TV Sci-Fi & Fantasy//New Releases//US TV Shows//TV Dramas//TV Thrillers//TV Action & Adventure
Sense8,https://www.netflix.com/in/title/80025744,80025744,TV Sci-Fi & Fantasy//US TV Shows//TV Dramas//TV Thrillers
Into the Night,https://www.netflix.com/in/title/81008221,81008221,TV Sci-Fi & Fantasy//New Releases//TV Dramas//TV Thrillers
Wu Assassins,https://www.netflix.com/in/title/80230293,80230293,TV Sci-Fi & Fantasy//US TV Shows//TV Action & Adventure
3%,https://www.netflix.com/in/title/80074220,80074220,TV Sci-Fi & Fantasy//TV Dramas
Leila,https://www.netflix.com/in/title/80222951,80222951,TV Sci-Fi & Fantasy//TV Dramas//TV Thrillers
Outlander,https://www.netflix.com/in/title/70285581,70285581,TV Sci-Fi & Fantasy//US TV Shows//TV Dramas//TV Action & Adventure//Romantic Favorites
Van Helsing,https://www.netflix.com/in/title/80121349,80121349,TV Sci-Fi & Fantasy//TV Dramas//Horror TV Serials//TV Action & Adventure
Star Trek: Discovery,https://www.netflix.com/in/title/80126024,80126024,TV Sci-Fi & Fantasy//US TV Shows//TV Action & Adventure
"Love, Death & Robots",https://www.netflix.com/in/title/80174608,80174608,TV Sci-Fi & Fantasy//US TV Shows//TV Thrillers//Horror TV Serials//TV Action & Adventure
V Wars,https://www.netflix.com/in/title/80236118,80236118,TV Sci-Fi & Fantasy//US TV Shows//TV Dramas//TV Thrillers//Horror TV Serials//TV Action & Adventure
A Korean Odyssey,https://www.netflix.com/in/title/80214405,80214405,TV Sci-Fi & Fantasy//TV Dramas
Memories of the Alhambra,https://www.netflix.com/in/title/81004280,81004280,TV Sci-Fi & Fantasy//TV Thrillers
The I-Land,https://www.netflix.com/in/title/80993062,80993062,TV Sci-Fi & Fantasy//US TV Shows//TV Dramas//TV Thrillers//TV Action & Adventure
I Am Not Okay With This,https://www.netflix.com/in/title/80244781,80244781,TV Sci-Fi & Fantasy//US TV Shows//TV Dramas//TV Comedies
Abyss,https://www.netflix.com/in/title/81087762,81087762,TV Sci-Fi & Fantasy//Crime TV Shows//TV Dramas
Travelers,https://www.netflix.com/in/title/80105699,80105699,TV Sci-Fi & Fantasy//Crime TV Shows//TV Dramas//TV Thrillers
Black Mirror: Bandersnatch,https://www.netflix.com/in/title/80988062,80988062,TV Sci-Fi & Fantasy//TV Dramas
Mystic Pop-up Bar,https://www.netflix.com/in/title/81264882,81264882,TV Sci-Fi & Fantasy//TV Comedies
Arthdal Chronicles,https://www.netflix.com/in/title/81028895,81028895,TV Sci-Fi & Fantasy//TV Action & Adventure
Dirk Gently's Holistic Detective Agency,https://www.netflix.com/in/title/80119426,80119426,TV Sci-Fi & Fantasy//Crime TV Shows//TV Action & Adventure//TV Comedies
Black,https://www.netflix.com/in/title/80214013,80214013,TV Sci-Fi & Fantasy//Crime TV Shows
Always a Witch,https://www.netflix.com/in/title/80205595,80205595,TV Sci-Fi & Fantasy//TV Comedies
My Holo Love,https://www.netflix.com/in/title/81008021,81008021,TV Sci-Fi & Fantasy
The Letter for the King,https://www.netflix.com/in/title/80222934,80222934,TV Sci-Fi & Fantasy//TV Action & Adventure
The Mist,https://www.netflix.com/in/title/80135414,80135414,TV Sci-Fi & Fantasy//Horror TV Serials
October Faction,https://www.netflix.com/in/title/80221644,80221644,TV Sci-Fi & Fantasy//Horror TV Serials//TV Action & Adventure
Jinn,https://www.netflix.com/in/title/80220816,80220816,TV Sci-Fi & Fantasy//TV Thrillers
The OA,https://www.netflix.com/in/title/80044950,80044950,TV Sci-Fi & Fantasy//TV Thrillers
Disenchantment,https://www.netflix.com/in/title/80095697,80095697,TV Sci-Fi & Fantasy//TV Action & Adventure//TV Comedies
Final Space,https://www.netflix.com/in/title/80174479,80174479,TV Sci-Fi & Fantasy//TV Action & Adventure//TV Comedies
Vampires,https://www.netflix.com/in/title/80222720,80222720,TV Sci-Fi & Fantasy//Horror TV Serials
Rugal,https://www.netflix.com/in/title/81243994,81243994,TV Sci-Fi & Fantasy//Crime TV Shows//TV Thrillers//TV Action & Adventure
Luna Nera,https://www.netflix.com/in/title/80244780,80244780,TV Sci-Fi & Fantasy//TV Thrillers
Handsome Siblings,https://www.netflix.com/in/title/80996973,80996973,TV Sci-Fi & Fantasy
Better Than Us,https://www.netflix.com/in/title/81026915,81026915,TV Sci-Fi & Fantasy
From Dusk Till Dawn,https://www.netflix.com/in/title/70304245,70304245,TV Sci-Fi & Fantasy//Horror TV Serials//TV Action & Adventure
Beyond Stranger Things,https://www.netflix.com/in/title/80197912,80197912,TV Sci-Fi & Fantasy
Diablero,https://www.netflix.com/in/title/80172145,80172145,TV Sci-Fi & Fantasy//TV Thrillers//Horror TV Serials
Curon,https://www.netflix.com/in/title/81037850,81037850,TV Sci-Fi & Fantasy//Horror TV Serials
Nightflyers,https://www.netflix.com/in/title/80202133,80202133,TV Sci-Fi & Fantasy//TV Thrillers//Horror TV Serials
The Dark Crystal: Age of Resistance,https://www.netflix.com/in/title/80148535,80148535,TV Sci-Fi & Fantasy//TV Action & Adventure
Tidelands,https://www.netflix.com/in/title/80191239,80191239,TV Sci-Fi & Fantasy
The Ghost Bride,https://www.netflix.com/in/title/80241234,80241234,TV Sci-Fi & Fantasy
Possessed,https://www.netflix.com/in/title/81087764,81087764,TV Sci-Fi & Fantasy
Immortals,https://www.netflix.com/in/title/81026095,81026095,TV Sci-Fi & Fantasy//Horror TV Serials
Between,https://www.netflix.com/in/title/80022632,80022632,TV Sci-Fi & Fantasy
Omniscient,https://www.netflix.com/in/title/80220334,80220334,TV Sci-Fi & Fantasy
Mortel,https://www.netflix.com/in/title/80241539,80241539,TV Sci-Fi & Fantasy
Mob Psycho 100,https://www.netflix.com/in/title/80213536,80213536,TV Sci-Fi & Fantasy//TV Action & Adventure
The Innocents,https://www.netflix.com/in/title/80184405,80184405,TV Sci-Fi & Fantasy
Kiss Me First,https://www.netflix.com/in/title/80097225,80097225,TV Sci-Fi & Fantasy//TV Action & Adventure
If I Hadn't Met You,https://www.netflix.com/in/title/80988860,80988860,TV Sci-Fi & Fantasy
Spectros,https://www.netflix.com/in/title/80209651,80209651,TV Sci-Fi & Fantasy//Horror TV Serials
Osmosis,https://www.netflix.com/in/title/80189898,80189898,TV Sci-Fi & Fantasy
Nobody's Looking,https://www.netflix.com/in/title/80244700,80244700,TV Sci-Fi & Fantasy
Neo Yokio,https://www.netflix.com/in/title/80152350,80152350,TV Sci-Fi & Fantasy
On Children,https://www.netflix.com/in/title/81000509,81000509,TV Sci-Fi & Fantasy
Raat Akeli Hai,https://www.netflix.com/in/title/81269716,81269716,New Releases
The Kissing Booth 2,https://www.netflix.com/in/title/81026818,81026818,New Releases
Bulbbul,https://www.netflix.com/in/title/81029150,81029150,New Releases
Work It,https://www.netflix.com/in/title/81132038,81132038,New Releases//Popular on Netflix
Guilty,https://www.netflix.com/in/title/81116486,81116486,New Releases//Popular on Netflix
Choked: Paisa Bolta Hai,https://www.netflix.com/in/title/81176968,81176968,New Releases//Popular on Netflix
To All the Boys: P.S. I Still Love You,https://www.netflix.com/in/title/81030842,81030842,New Releases//Popular on Netflix//Romantic Favorites
Tall Girl,https://www.netflix.com/in/title/81002412,81002412,New Releases//Popular on Netflix//Children & Family Movies
The Perfect Date,https://www.netflix.com/in/title/81019888,81019888,New Releases//Popular on Netflix//Comedies
Murder Mystery,https://www.netflix.com/in/title/80242619,80242619,New Releases//Popular on Netflix//Comedies
The Silence,https://www.netflix.com/in/title/81021447,81021447,New Releases//Popular on Netflix
Mrs. Serial Killer,https://www.netflix.com/in/title/81076113,81076113,New Releases//Popular on Netflix
Locked Up,https://www.netflix.com/in/title/80059465,80059465,New Releases//Crime TV Shows//TV Thrillers
KENGAN ASHURA,https://www.netflix.com/in/title/80992228,80992228,New Releases
Playing with Fire,https://www.netflix.com/in/title/81069463,81069463,New Releases//TV Dramas
Cricket Fever: Mumbai Indians,https://www.netflix.com/in/title/80222770,80222770,New Releases//Documentaries
Selling Sunset,https://www.netflix.com/in/title/80223108,80223108,New Releases//US TV Shows
Atypical,https://www.netflix.com/in/title/80117540,80117540,New Releases//US TV Shows//TV Dramas//TV Comedies
Marco Polo,https://www.netflix.com/in/title/70305883,70305883,US TV Shows//TV Dramas//TV Action & Adventure
Marvel's Jessica Jones,https://www.netflix.com/in/title/80002311,80002311,US TV Shows//Crime TV Shows//TV Dramas//TV Action & Adventure
Trinkets,https://www.netflix.com/in/title/80230561,80230561,US TV Shows//TV Dramas
Transformers: War For Cybertron Trilogy,https://www.netflix.com/in/title/81002438,81002438,US TV Shows
Outer Banks,https://www.netflix.com/in/title/80236318,80236318,US TV Shows//TV Dramas//TV Action & Adventure
Castlevania,https://www.netflix.com/in/title/80095241,80095241,US TV Shows//Horror TV Serials
Connected,https://www.netflix.com/in/title/81031737,81031737,US TV Shows//Documentaries
Space Force,https://www.netflix.com/in/title/81021929,81021929,US TV Shows//TV Comedies
The Sinner,https://www.netflix.com/in/title/80175802,80175802,US TV Shows//Crime TV Shows//TV Dramas//TV Thrillers
Roman Empire,https://www.netflix.com/in/title/80096545,80096545,US TV Shows//Documentaries
Marvel's Luke Cage,https://www.netflix.com/in/title/80002537,80002537,US TV Shows//Crime TV Shows//TV Dramas//TV Action & Adventure
Unbelievable,https://www.netflix.com/in/title/80153467,80153467,US TV Shows//Crime TV Shows//TV Dramas
Wild Wild Country,https://www.netflix.com/in/title/80145240,80145240,US TV Shows//Crime TV Shows//Documentaries
Street Food: Asia,https://www.netflix.com/in/title/80244996,80244996,US TV Shows//Documentaries
Mr. Iglesias,https://www.netflix.com/in/title/80209013,80209013,US TV Shows//TV Comedies
The Society,https://www.netflix.com/in/title/80197989,80197989,US TV Shows//TV Dramas
Easy,https://www.netflix.com/in/title/80095699,80095699,US TV Shows//TV Dramas//TV Comedies
Virgin River,https://www.netflix.com/in/title/80240027,80240027,US TV Shows//TV Dramas
Next in Fashion,https://www.netflix.com/in/title/81026300,81026300,US TV Shows
Fuller House,https://www.netflix.com/in/title/80051137,80051137,US TV Shows//TV Comedies
Explained,https://www.netflix.com/in/title/80216752,80216752,US TV Shows//Documentaries
Inside Bill's Brain: Decoding Bill Gates,https://www.netflix.com/in/title/80184771,80184771,US TV Shows//Documentaries
Marvel's The Defenders,https://www.netflix.com/in/title/80002566,80002566,US TV Shows//Crime TV Shows//TV Dramas//TV Action & Adventure
You Me Her,https://www.netflix.com/in/title/80103417,80103417,US TV Shows//TV Comedies
Unsolved Mysteries,https://www.netflix.com/in/title/81026055,81026055,US TV Shows//Crime TV Shows//Documentaries
Sugar Rush,https://www.netflix.com/in/title/80201328,80201328,US TV Shows
Messiah,https://www.netflix.com/in/title/80117557,80117557,US TV Shows//TV Dramas//TV Thrillers
Tiny Creatures,https://www.netflix.com/in/title/81004151,81004151,US TV Shows//Documentaries//TV Action & Adventure
The Ranch,https://www.netflix.com/in/title/80077977,80077977,US TV Shows//TV Comedies
(Un)Well,https://www.netflix.com/in/title/81044208,81044208,US TV Shows
Big Mouth,https://www.netflix.com/in/title/80117038,80117038,US TV Shows//TV Comedies
The Boss Baby: Back in Business,https://www.netflix.com/in/title/80178943,80178943,Kids' TV
Wizards: Tales of Arcadia,https://www.netflix.com/in/title/80218108,80218108,Kids' TV
Alexa & Katie,https://www.netflix.com/in/title/80174285,80174285,Kids' TV
Mighty Little Bheem,https://www.netflix.com/in/title/80211492,80211492,Kids' TV
The Worst Witch,https://www.netflix.com/in/title/80130521,80130521,Kids' TV
Trollhunters: Tales of Arcadia,https://www.netflix.com/in/title/80075820,80075820,Kids' TV
The New Legends of Monkey,https://www.netflix.com/in/title/80184682,80184682,Kids' TV
Greenhouse Academy,https://www.netflix.com/in/title/80095435,80095435,Kids' TV
Pup Academy,https://www.netflix.com/in/title/81040639,81040639,Kids' TV
The InBESTigators,https://www.netflix.com/in/title/80243216,80243216,Kids' TV
GAME ON: A Comedy Crossover Event,https://www.netflix.com/in/title/81223007,81223007,Kids' TV
A Series of Unfortunate Events,https://www.netflix.com/in/title/80050008,80050008,Kids' TV
THE UNLISTED,https://www.netflix.com/in/title/80222326,80222326,Kids' TV
The Baby-Sitters Club,https://www.netflix.com/in/title/81005407,81005407,Kids' TV
The Dragon Prince,https://www.netflix.com/in/title/80212245,80212245,Kids' TV
Project Mc²,https://www.netflix.com/in/title/80058852,80058852,Kids' TV
The Last Kids on Earth,https://www.netflix.com/in/title/80219119,80219119,Kids' TV
Raising Dion,https://www.netflix.com/in/title/80117803,80117803,Kids' TV
Richie Rich,https://www.netflix.com/in/title/80020540,80020540,Kids' TV
Malibu Rescue: The Series,https://www.netflix.com/in/title/80244783,80244783,Kids' TV
Ashley Garcia: Genius in Love,https://www.netflix.com/in/title/80244332,80244332,Kids' TV
Go! Live Your Way,https://www.netflix.com/in/title/80220541,80220541,Kids' TV
Voltron: Legendary Defender,https://www.netflix.com/in/title/80075595,80075595,Kids' TV
Larva Island,https://www.netflix.com/in/title/80991329,80991329,Kids' TV
The Epic Tales of Captain Underpants,https://www.netflix.com/in/title/80179782,80179782,Kids' TV
Free Rein,https://www.netflix.com/in/title/80134695,80134695,Kids' TV
3Below: Tales of Arcadia,https://www.netflix.com/in/title/80179784,80179784,Kids' TV
All Hail King Julien,https://www.netflix.com/in/title/80018987,80018987,Kids' TV
Fast & Furious Spy Racers,https://www.netflix.com/in/title/80225085,80225085,Kids' TV
The Healing Powers of Dude,https://www.netflix.com/in/title/80239306,80239306,Kids' TV
Family Reunion,https://www.netflix.com/in/title/80234451,80234451,Kids' TV
The Big Show Show,https://www.netflix.com/in/title/80201035,80201035,Kids' TV
Dragons: Rescue Riders,https://www.netflix.com/in/title/80218107,80218107,Kids' TV
Ever After High,https://www.netflix.com/in/title/70300626,70300626,Kids' TV
Creeped Out,https://www.netflix.com/in/title/80214792,80214792,Kids' TV
Glitch Techs,https://www.netflix.com/in/title/80221337,80221337,Kids' TV
Some Assembly Required,https://www.netflix.com/in/title/80042307,80042307,Kids' TV
The Magic School Bus Rides Again,https://www.netflix.com/in/title/80108373,80108373,Kids' TV
She-Ra and the Princesses of Power,https://www.netflix.com/in/title/80179762,80179762,Kids' TV
Super Monsters,https://www.netflix.com/in/title/80124711,80124711,Kids' TV
Word Party Songs,https://www.netflix.com/in/title/81063145,81063145,Kids' TV
Reboot: The Guardian Code,https://www.netflix.com/in/title/80217957,80217957,Kids' TV
No Good Nick,https://www.netflix.com/in/title/80231658,80231658,Kids' TV
Ask the StoryBots,https://www.netflix.com/in/title/80108159,80108159,Kids' TV
You vs. Wild,https://www.netflix.com/in/title/80227574,80227574,Kids' TV
Mighty Little Bheem: Diwali,https://www.netflix.com/in/title/81020066,81020066,Kids' TV
Mighty Little Bheem: Festival of Colors,https://www.netflix.com/in/title/81193947,81193947,Kids' TV
Kong: King of the Apes,https://www.netflix.com/in/title/80023612,80023612,Kids' TV
Carmen Sandiego,https://www.netflix.com/in/title/80167821,80167821,Kids' TV
All Hail King Julien: Exiled,https://www.netflix.com/in/title/80174364,80174364,Kids' TV
Brainchild,https://www.netflix.com/in/title/80215086,80215086,Kids' TV
Skylanders Academy,https://www.netflix.com/in/title/80113201,80113201,Kids' TV
Spy Kids: Mission Critical,https://www.netflix.com/in/title/80115341,80115341,Kids' TV
LEGO Friends: The Power of Friendship,https://www.netflix.com/in/title/80058427,80058427,Kids' TV
H2O: Mermaid Adventures,https://www.netflix.com/in/title/80025553,80025553,Kids' TV
True and the Rainbow Kingdom,https://www.netflix.com/in/title/80063599,80063599,Kids' TV
Edgar Rice Burroughs' Tarzan and Jane,https://www.netflix.com/in/title/80057506,80057506,Kids' TV
The Epic Tales of Captain Underpants in Space,https://www.netflix.com/in/title/81147421,81147421,Kids' TV
Wakfu,https://www.netflix.com/in/title/80003196,80003196,Kids' TV
Team Kaylie,https://www.netflix.com/in/title/80238106,80238106,Kids' TV
Prince of Peoria,https://www.netflix.com/in/title/80223556,80223556,Kids' TV
The Hollow,https://www.netflix.com/in/title/80147919,80147919,Kids' TV
Spirit Riding Free: Riding Academy,https://www.netflix.com/in/title/81054417,81054417,Kids' TV
Hello Ninja,https://www.netflix.com/in/title/80227818,80227818,Kids' TV
Green Eggs and Ham,https://www.netflix.com/in/title/80057250,80057250,Kids' TV
Puffin Rock,https://www.netflix.com/in/title/80044965,80044965,Kids' TV
Spirit Riding Free: Pony Tales,https://www.netflix.com/in/title/81094271,81094271,Kids' TV
Word Party,https://www.netflix.com/in/title/80063705,80063705,Kids' TV
Ponysitters Club,https://www.netflix.com/in/title/80245299,80245299,Kids' TV
The Who Was? Show,https://www.netflix.com/in/title/80184379,80184379,Kids' TV
Toot-Toot Cory Carson,https://www.netflix.com/in/title/80237347,80237347,Kids' TV
Charlie's Colorforms City,https://www.netflix.com/in/title/80189632,80189632,Kids' TV
Kipo and the Age of Wonderbeasts,https://www.netflix.com/in/title/80221553,80221553,Kids' TV
Chico Bon Bon: Monkey with a Tool Belt,https://www.netflix.com/in/title/80201451,80201451,Kids' TV
Lost & Found Music Studios,https://www.netflix.com/in/title/80063989,80063989,Kids' TV
The Kissing Booth,https://www.netflix.com/in/title/80143556,80143556,Popular on Netflix
Lust Stories,https://www.netflix.com/in/title/80991033,80991033,Popular on Netflix//Romantic Favorites
To All the Boys I’ve Loved Before,https://www.netflix.com/in/title/80203147,80203147,Popular on Netflix//Romantic Favorites
MILF,https://www.netflix.com/in/title/81248072,81248072,Popular on Netflix//Comedies
Bird Box,https://www.netflix.com/in/title/80196789,80196789,Popular on Netflix
The Princess Switch,https://www.netflix.com/in/title/80242926,80242926,Popular on Netflix//Children & Family Movies
World's Most Wanted,https://www.netflix.com/in/title/81013210,81013210,Crime TV Shows//Documentaries
The Great Heist,https://www.netflix.com/in/title/81137088,81137088,Crime TV Shows//TV Thrillers
Toy Boy,https://www.netflix.com/in/title/81036622,81036622,Crime TV Shows//TV Dramas//TV Thrillers
Get Even,https://www.netflix.com/in/title/81001036,81001036,Crime TV Shows//TV Dramas
Stranger,https://www.netflix.com/in/title/80187302,80187302,Crime TV Shows//TV Dramas//TV Thrillers
Hasmukh,https://www.netflix.com/in/title/80236782,80236782,Crime TV Shows//TV Dramas//TV Thrillers//TV Comedies
Inside the World’s Toughest Prisons,https://www.netflix.com/in/title/80116922,80116922,Crime TV Shows//Documentaries
El Dragón: Return of a Warrior,https://www.netflix.com/in/title/81098497,81098497,Crime TV Shows//TV Action & Adventure
Don't F**k with Cats: Hunting an Internet Killer,https://www.netflix.com/in/title/81031373,81031373,Crime TV Shows//Documentaries
La Reina del Sur,https://www.netflix.com/in/title/70205672,70205672,Crime TV Shows//TV Thrillers
Bad Blood,https://www.netflix.com/in/title/80221787,80221787,Crime TV Shows
Dirty John,https://www.netflix.com/in/title/80241855,80241855,Crime TV Shows//TV Thrillers
The Stranger,https://www.netflix.com/in/title/81001209,81001209,Crime TV Shows
Extracurricular,https://www.netflix.com/in/title/80990668,80990668,Crime TV Shows
The Alienist,https://www.netflix.com/in/title/80149395,80149395,Crime TV Shows//TV Thrillers
White Lines,https://www.netflix.com/in/title/80993591,80993591,Crime TV Shows//TV Thrillers
Freud,https://www.netflix.com/in/title/80209184,80209184,Crime TV Shows//TV Thrillers
Unauthorized Living,https://www.netflix.com/in/title/80241001,80241001,Crime TV Shows//TV Thrillers
Dirty Money,https://www.netflix.com/in/title/80118100,80118100,Crime TV Shows//Documentaries
The Inmate,https://www.netflix.com/in/title/81025403,81025403,Crime TV Shows//TV Thrillers
Hache,https://www.netflix.com/in/title/80241387,80241387,Crime TV Shows//TV Thrillers
The Club,https://www.netflix.com/in/title/80238391,80238391,Crime TV Shows//TV Comedies
Undercover,https://www.netflix.com/in/title/80225312,80225312,Crime TV Shows//TV Thrillers//TV Action & Adventure
When They See Us,https://www.netflix.com/in/title/80200549,80200549,Crime TV Shows
Jeffrey Epstein: Filthy Rich,https://www.netflix.com/in/title/80224905,80224905,Crime TV Shows//Documentaries
Conversations with a Killer: The Ted Bundy Tapes,https://www.netflix.com/in/title/80226612,80226612,Crime TV Shows//Documentaries
Perfume,https://www.netflix.com/in/title/80200596,80200596,Crime TV Shows//TV Thrillers
Trailer Park Boys,https://www.netflix.com/in/title/70153385,70153385,Crime TV Shows//TV Comedies
Ingobernable,https://www.netflix.com/in/title/80066429,80066429,Crime TV Shows
Marcella,https://www.netflix.com/in/title/80094728,80094728,Crime TV Shows//TV Thrillers
Bordertown,https://www.netflix.com/in/title/80145143,80145143,Crime TV Shows
Dare Me,https://www.netflix.com/in/title/80243706,80243706,Crime TV Shows//TV Thrillers
Black Spot,https://www.netflix.com/in/title/81079046,81079046,Crime TV Shows//TV Thrillers
Yankee,https://www.netflix.com/in/title/80238711,80238711,Crime TV Shows//TV Thrillers
The Valhalla Murders,https://www.netflix.com/in/title/81043833,81043833,Crime TV Shows//TV Thrillers
Deadwind,https://www.netflix.com/in/title/80243728,80243728,Crime TV Shows//TV Thrillers
"Tiger King: Murder, Mayhem and Madness",https://www.netflix.com/in/title/81115994,81115994,Crime TV Shows//Documentaries
Alias Grace,https://www.netflix.com/in/title/80119411,80119411,Crime TV Shows
Fear City: New York vs The Mafia,https://www.netflix.com/in/title/80218338,80218338,Crime TV Shows//Documentaries
Wanted,https://www.netflix.com/in/title/80195522,80195522,Crime TV Shows//TV Thrillers
Triad Princess,https://www.netflix.com/in/title/81019391,81019391,Crime TV Shows//TV Comedies
Dogs of Berlin,https://www.netflix.com/in/title/80189522,80189522,Crime TV Shows//TV Thrillers
Accidentally in Love,https://www.netflix.com/in/title/81025800,81025800,TV Dramas//TV Comedies
GHOUL,https://www.netflix.com/in/title/80245450,80245450,TV Dramas//TV Thrillers//Horror TV Serials
Hospital Playlist,https://www.netflix.com/in/title/81239224,81239224,TV Dramas//TV Comedies
Something in the Rain,https://www.netflix.com/in/title/80990935,80990935,TV Dramas
Romance Is a Bonus Book,https://www.netflix.com/in/title/81045349,81045349,TV Dramas//TV Comedies
Selection Day,https://www.netflix.com/in/title/80194558,80194558,TV Dramas
Vagabond,https://www.netflix.com/in/title/81095101,81095101,TV Dramas//TV Thrillers//TV Action & Adventure
Well-Intended Love,https://www.netflix.com/in/title/81092192,81092192,TV Dramas//TV Comedies
Ragnarok,https://www.netflix.com/in/title/80232926,80232926,TV Dramas//TV Action & Adventure
My First First Love,https://www.netflix.com/in/title/81026700,81026700,TV Dramas
Control Z,https://www.netflix.com/in/title/81021245,81021245,TV Dramas
"Hi Bye, Mama!",https://www.netflix.com/in/title/81243996,81243996,TV Dramas//TV Comedies
The Naked Director,https://www.netflix.com/in/title/80239462,80239462,TV Dramas
Greatest Events of WWII in Colour,https://www.netflix.com/in/title/80989924,80989924,Documentaries
The Speed Cubers,https://www.netflix.com/in/title/81092143,81092143,Documentaries
"The Mind, Explained",https://www.netflix.com/in/title/81098586,81098586,Documentaries
Anelka: Misunderstood,https://www.netflix.com/in/title/81015566,81015566,Documentaries
Miss Americana,https://www.netflix.com/in/title/81028336,81028336,Documentaries
"Coronavirus, Explained",https://www.netflix.com/in/title/81273378,81273378,Documentaries
Hot Girls Wanted,https://www.netflix.com/in/title/80038162,80038162,Documentaries
History 101,https://www.netflix.com/in/title/81116168,81116168,Documentaries
The Great Hack,https://www.netflix.com/in/title/80117542,80117542,Documentaries
"Sex, Explained",https://www.netflix.com/in/title/81160763,81160763,Documentaries
Chef's Table,https://www.netflix.com/in/title/80007945,80007945,Documentaries
Abstract: The Art of Design,https://www.netflix.com/in/title/80057883,80057883,Documentaries
Somebody Feed Phil,https://www.netflix.com/in/title/80146601,80146601,Documentaries
Money Heist: The Phenomenon,https://www.netflix.com/in/title/81098822,81098822,Documentaries
Street Food: Latin America,https://www.netflix.com/in/title/81249660,81249660,Documentaries
The Business of Drugs,https://www.netflix.com/in/title/80199963,80199963,Documentaries
Travis Scott: Look Mom I Can Fly,https://www.netflix.com/in/title/81046796,81046796,Documentaries
The Last Czars,https://www.netflix.com/in/title/80211648,80211648,Documentaries
Babies,https://www.netflix.com/in/title/80117833,80117833,Documentaries
Becoming,https://www.netflix.com/in/title/81122487,81122487,Documentaries
72 Dangerous Animals: Asia,https://www.netflix.com/in/title/80165437,80165437,Documentaries
Night on Earth,https://www.netflix.com/in/title/80218938,80218938,Documentaries
Tony Robbins: I Am Not Your Guru,https://www.netflix.com/in/title/80102204,80102204,Documentaries
The Chef Show,https://www.netflix.com/in/title/81028317,81028317,Documentaries
Our Planet - Behind The Scenes,https://www.netflix.com/in/title/81082125,81082125,Documentaries
"Bikram: Yogi, Guru, Predator",https://www.netflix.com/in/title/80221584,80221584,Documentaries
100 Humans,https://www.netflix.com/in/title/80215997,80215997,Documentaries
Drug Lords,https://www.netflix.com/in/title/80177803,80177803,Documentaries
The Cuba Libre Story,https://www.netflix.com/in/title/80109535,80109535,Documentaries
Sunderland 'Til I Die,https://www.netflix.com/in/title/80207046,80207046,Documentaries
Dancing with the Birds,https://www.netflix.com/in/title/80186796,80186796,Documentaries
Evil Genius: the True Story of America's Most Diabolical Bank Heist,https://www.netflix.com/in/title/80158319,80158319,Documentaries
Love on the Spectrum,https://www.netflix.com/in/title/81265493,81265493,Documentaries
Trump: An American Dream,https://www.netflix.com/in/title/80206395,80206395,Documentaries
Icarus,https://www.netflix.com/in/title/80168079,80168079,Documentaries
Diagnosis,https://www.netflix.com/in/title/80201543,80201543,Documentaries
Making a Murderer,https://www.netflix.com/in/title/80000770,80000770,Documentaries
72 Dangerous Animals: Latin America,https://www.netflix.com/in/title/80165247,80165247,Documentaries
Terrorism Close Calls,https://www.netflix.com/in/title/80185048,80185048,Documentaries
FYRE: The Greatest Party That Never Happened,https://www.netflix.com/in/title/81035279,81035279,Documentaries
Rotten,https://www.netflix.com/in/title/80146284,80146284,Documentaries
The Road to El Camino: Behind the Scenes of El Camino: A Breaking Bad Movie,https://www.netflix.com/in/title/81211714,81211714,Documentaries
Pandemic: How to Prevent an Outbreak,https://www.netflix.com/in/title/81026143,81026143,Documentaries
I AM A KILLER,https://www.netflix.com/in/title/80202283,80202283,Documentaries
Inside the Real Narcos,https://www.netflix.com/in/title/80240817,80240817,Documentaries
Audrie & Daisy,https://www.netflix.com/in/title/80097321,80097321,Documentaries
The Investigator: A British Crime Story,https://www.netflix.com/in/title/80144146,80144146,Documentaries
Ugly Delicious,https://www.netflix.com/in/title/80170368,80170368,Documentaries
Hip-Hop Evolution,https://www.netflix.com/in/title/80141782,80141782,Documentaries
Have a Good Trip: Adventures in Psychedelics,https://www.netflix.com/in/title/80231917,80231917,Documentaries
Tales by Light,https://www.netflix.com/in/title/80133187,80133187,Documentaries
Dark Tourist,https://www.netflix.com/in/title/80189791,80189791,Documentaries
Period. End of Sentence.,https://www.netflix.com/in/title/81074663,81074663,Documentaries
Athlete A,https://www.netflix.com/in/title/81034185,81034185,Documentaries
Typewriter,https://www.netflix.com/in/title/80996338,80996338,TV Thrillers//Horror TV Serials
Kakegurui,https://www.netflix.com/in/title/80175351,80175351,TV Thrillers
Black Summer,https://www.netflix.com/in/title/80198988,80198988,TV Thrillers//Horror TV Serials//TV Action & Adventure
Girl from Nowhere,https://www.netflix.com/in/title/80241947,80241947,TV Thrillers
WHAT / IF,https://www.netflix.com/in/title/80197889,80197889,TV Thrillers
Signs,https://www.netflix.com/in/title/81189092,81189092,TV Thrillers
Bloodline,https://www.netflix.com/in/title/80010655,80010655,TV Thrillers
Secret City,https://www.netflix.com/in/title/80211136,80211136,TV Thrillers
Collateral,https://www.netflix.com/in/title/80185171,80185171,TV Thrillers
The Break,https://www.netflix.com/in/title/80142550,80142550,TV Thrillers
Safe,https://www.netflix.com/in/title/80201500,80201500,TV Thrillers
The Mechanism,https://www.netflix.com/in/title/80120485,80120485,TV Thrillers
Kissing Game,https://www.netflix.com/in/title/80994298,80994298,TV Thrillers
Criminal: UK,https://www.netflix.com/in/title/80216172,80216172,TV Thrillers
Green Frontier,https://www.netflix.com/in/title/80205594,80205594,TV Thrillers
Bloodride,https://www.netflix.com/in/title/81019792,81019792,TV Thrillers//Horror TV Serials
The Forest,https://www.netflix.com/in/title/80240691,80240691,TV Thrillers
The Woods,https://www.netflix.com/in/title/81108061,81108061,TV Thrillers
Somewhere Between,https://www.netflix.com/in/title/80173623,80173623,TV Thrillers
Ghost Wars,https://www.netflix.com/in/title/80190931,80190931,TV Thrillers//Horror TV Serials
Dracula,https://www.netflix.com/in/title/80997687,80997687,Horror TV Serials
Daybreak,https://www.netflix.com/in/title/80197462,80197462,Horror TV Serials//TV Action & Adventure//TV Comedies
Santa Clarita Diet,https://www.netflix.com/in/title/80095815,80095815,Horror TV Serials//TV Comedies
Marianne,https://www.netflix.com/in/title/80217779,80217779,Horror TV Serials
Glitch,https://www.netflix.com/in/title/80108495,80108495,Horror TV Serials
Devilman Crybaby,https://www.netflix.com/in/title/80174974,80174974,Horror TV Serials
Scream,https://www.netflix.com/in/title/80053653,80053653,Horror TV Serials
Slasher,https://www.netflix.com/in/title/80105452,80105452,Horror TV Serials
Haunted,https://www.netflix.com/in/title/80195378,80195378,Horror TV Serials
Reality Z,https://www.netflix.com/in/title/81003028,81003028,Horror TV Serials
Hemlock Grove,https://www.netflix.com/in/title/70242310,70242310,Horror TV Serials
JU-ON: Origins,https://www.netflix.com/in/title/81059942,81059942,Horror TV Serials
Prank Encounters,https://www.netflix.com/in/title/81017316,81017316,Horror TV Serials
Kabaneri of the Iron Fortress: The Battle of Unato,https://www.netflix.com/in/title/81095103,81095103,Horror TV Serials
Chambers,https://www.netflix.com/in/title/80210361,80210361,Horror TV Serials
Superstition,https://www.netflix.com/in/title/80176219,80176219,Horror TV Serials
Ares,https://www.netflix.com/in/title/80995039,80995039,Horror TV Serials
Crazyhead,https://www.netflix.com/in/title/80104983,80104983,Horror TV Serials
Until Dawn,https://www.netflix.com/in/title/81074060,81074060,Horror TV Serials
Frontier,https://www.netflix.com/in/title/80099656,80099656,TV Action & Adventure
Troy: Fall of a City,https://www.netflix.com/in/title/80175352,80175352,TV Action & Adventure
Wolf,https://www.netflix.com/in/title/81007175,81007175,TV Action & Adventure
Man to Man,https://www.netflix.com/in/title/80176866,80176866,TV Action & Adventure
Happy!,https://www.netflix.com/in/title/80177346,80177346,TV Action & Adventure//TV Comedies
Thieves of the Wood,https://www.netflix.com/in/title/81054827,81054827,TV Action & Adventure
Scissor Seven,https://www.netflix.com/in/title/81156880,81156880,TV Action & Adventure
The Rise of Phoenixes,https://www.netflix.com/in/title/80993613,80993613,TV Action & Adventure
Marco Polo: One Hundred Eyes,https://www.netflix.com/in/title/80083594,80083594,TV Action & Adventure
My Country: The New Age,https://www.netflix.com/in/title/81161487,81161487,TV Action & Adventure
Bad Guys: Vile City,https://www.netflix.com/in/title/80214772,80214772,TV Action & Adventure
Queen Sono,https://www.netflix.com/in/title/81035137,81035137,TV Action & Adventure
The Stranded,https://www.netflix.com/in/title/80242491,80242491,TV Action & Adventure
You Cannot Hide,https://www.netflix.com/in/title/81073424,81073424,TV Action & Adventure
Victim Number 8,https://www.netflix.com/in/title/81078331,81078331,TV Action & Adventure
Battlefish,https://www.netflix.com/in/title/80195173,80195173,TV Action & Adventure
Shadow,https://www.netflix.com/in/title/81033727,81033727,TV Action & Adventure
Medical Police,https://www.netflix.com/in/title/81011449,81011449,TV Action & Adventure
Watership Down,https://www.netflix.com/in/title/80107989,80107989,TV Action & Adventure
Drug Squad: Costa del Sol,https://www.netflix.com/in/title/81010786,81010786,TV Action & Adventure
Monkey Twins,https://www.netflix.com/in/title/80224294,80224294,TV Action & Adventure
Nowhere Man,https://www.netflix.com/in/title/80203920,80203920,TV Action & Adventure
Blazing Transfer Students,https://www.netflix.com/in/title/80175822,80175822,TV Action & Adventure
Workin' Moms,https://www.netflix.com/in/title/80198991,80198991,TV Comedies
Norsemen,https://www.netflix.com/in/title/80180182,80180182,TV Comedies
After Life,https://www.netflix.com/in/title/80998491,80998491,TV Comedies
"Hello, My Twenties!",https://www.netflix.com/in/title/80128686,80128686,TV Comedies
Grace and Frankie,https://www.netflix.com/in/title/80017537,80017537,TV Comedies
Dead to Me,https://www.netflix.com/in/title/80219707,80219707,TV Comedies
One Day at a Time,https://www.netflix.com/in/title/80095532,80095532,TV Comedies
F is for Family,https://www.netflix.com/in/title/80028732,80028732,TV Comedies
Taj Mahal 1989,https://www.netflix.com/in/title/81183493,81183493,TV Comedies
On My Block,https://www.netflix.com/in/title/80117809,80117809,TV Comedies
Patriot Act with Hasan Minhaj,https://www.netflix.com/in/title/80239931,80239931,TV Comedies
Unbreakable Kimmy Schmidt,https://www.netflix.com/in/title/80025384,80025384,TV Comedies
Love,https://www.netflix.com/in/title/80026506,80026506,TV Comedies
The Politician,https://www.netflix.com/in/title/80241248,80241248,TV Comedies
Derry Girls,https://www.netflix.com/in/title/80238565,80238565,TV Comedies
Good Morning Call,https://www.netflix.com/in/title/80092878,80092878,TV Comedies
Master of None,https://www.netflix.com/in/title/80049714,80049714,TV Comedies
The House of Flowers,https://www.netflix.com/in/title/80160935,80160935,TV Comedies
Russian Doll,https://www.netflix.com/in/title/80211627,80211627,TV Comedies
Ladies Up,https://www.netflix.com/in/title/81146335,81146335,TV Comedies
Valeria,https://www.netflix.com/in/title/80212986,80212986,TV Comedies
Gilmore Girls: A Year in the Life,https://www.netflix.com/in/title/80109415,80109415,TV Comedies
Paradise PD,https://www.netflix.com/in/title/80191522,80191522,TV Comedies
Disjointed,https://www.netflix.com/in/title/80117694,80117694,TV Comedies
Feel Good,https://www.netflix.com/in/title/80241545,80241545,TV Comedies
Crashing,https://www.netflix.com/in/title/80133117,80133117,TV Comedies
COMEDIANS of the world,https://www.netflix.com/in/title/81008236,81008236,TV Comedies
Girlboss,https://www.netflix.com/in/title/80115671,80115671,TV Comedies
Unbreakable Kimmy Schmidt: Kimmy vs. the Reverend,https://www.netflix.com/in/title/81131714,81131714,TV Comedies//Comedies
GLOW,https://www.netflix.com/in/title/80114988,80114988,TV Comedies
Busted!,https://www.netflix.com/in/title/80209553,80209553,TV Comedies
Take My Brother Away,https://www.netflix.com/in/title/81012978,81012978,TV Comedies
The Midnight Gospel,https://www.netflix.com/in/title/80987903,80987903,TV Comedies
American Vandal,https://www.netflix.com/in/title/80117545,80117545,TV Comedies
Comedians in Cars Getting Coffee,https://www.netflix.com/in/title/80171362,80171362,TV Comedies
The Kominsky Method,https://www.netflix.com/in/title/80201680,80201680,TV Comedies
Friends from College,https://www.netflix.com/in/title/80117485,80117485,TV Comedies
Daniel Sloss: Live Shows,https://www.netflix.com/in/title/80223685,80223685,TV Comedies
Rita,https://www.netflix.com/in/title/70285368,70285368,TV Comedies
The Indian Detective,https://www.netflix.com/in/title/80190279,80190279,TV Comedies
Everything Sucks!,https://www.netflix.com/in/title/80117551,80117551,TV Comedies
Living with Yourself,https://www.netflix.com/in/title/80178724,80178724,TV Comedies
The Half Of It,https://www.netflix.com/in/title/81005150,81005150,Romantic Favorites//Comedies
Violet Evergarden,https://www.netflix.com/in/title/80182123,80182123,Romantic Favorites
The Last Summer,https://www.netflix.com/in/title/80999729,80999729,Romantic Favorites//Comedies
Set It Up,https://www.netflix.com/in/title/80184100,80184100,Romantic Favorites//Comedies
Isn't It Romantic,https://www.netflix.com/in/title/80200642,80200642,Romantic Favorites//Comedies
When the Camellia Blooms,https://www.netflix.com/in/title/81144925,81144925,Romantic Favorites
Mr. Sunshine,https://www.netflix.com/in/title/80991107,80991107,Romantic Favorites
Let It Snow,https://www.netflix.com/in/title/80201542,80201542,Romantic Favorites//Comedies
Alex Strangelove,https://www.netflix.com/in/title/80168189,80168189,Romantic Favorites//Comedies
Cable Girls,https://www.netflix.com/in/title/80100929,80100929,Romantic Favorites
Always Be My Maybe,https://www.netflix.com/in/title/80202874,80202874,Romantic Favorites//Comedies
Someone Great,https://www.netflix.com/in/title/80202920,80202920,Romantic Favorites//Comedies
The Guernsey Literary and Potato Peel Pie Society,https://www.netflix.com/in/title/80223371,80223371,Romantic Favorites
Home Again,https://www.netflix.com/in/title/80187055,80187055,Romantic Favorites//Comedies
Our Souls at Night,https://www.netflix.com/in/title/80104068,80104068,Romantic Favorites
The Tree of Blood,https://www.netflix.com/in/title/81029383,81029383,Romantic Favorites
Eurovision Song Contest: The Story of Fire Saga,https://www.netflix.com/in/title/80244088,80244088,Romantic Favorites
Ali's Wedding,https://www.netflix.com/in/title/80244709,80244709,Romantic Favorites
The Incredible Jessica James,https://www.netflix.com/in/title/80171022,80171022,Romantic Favorites
Dear Ex,https://www.netflix.com/in/title/81045891,81045891,Romantic Favorites
Win It All,https://www.netflix.com/in/title/80134527,80134527,Romantic Favorites
"Michael Bolton's Big, Sexy Valentine's Day Special",https://www.netflix.com/in/title/80151370,80151370,Romantic Favorites
Pokémon: Mewtwo Strikes Back - Evolution,https://www.netflix.com/in/title/81223075,81223075,Children & Family Movies
Feel the Beat,https://www.netflix.com/in/title/80994878,80994878,Children & Family Movies
Fearless,https://www.netflix.com/in/title/81252403,81252403,Children & Family Movies
Octonauts & the Caves of Sac Actun,https://www.netflix.com/in/title/81009671,81009671,Children & Family Movies
Latte and the Magic Waterstone,https://www.netflix.com/in/title/81050165,81050165,Children & Family Movies
Malibu Rescue: The Next Wave,https://www.netflix.com/in/title/81174879,81174879,Children & Family Movies
Benji,https://www.netflix.com/in/title/80204923,80204923,Children & Family Movies
The Boy Who Harnessed the Wind,https://www.netflix.com/in/title/80200047,80200047,Children & Family Movies
Klaus,https://www.netflix.com/in/title/80183187,80183187,Children & Family Movies
A Whisker Away,https://www.netflix.com/in/title/81281872,81281872,Children & Family Movies
The Willoughbys,https://www.netflix.com/in/title/80239482,80239482,Children & Family Movies
Next Gen,https://www.netflix.com/in/title/80988892,80988892,Children & Family Movies
The Larva Island Movie,https://www.netflix.com/in/title/80991326,80991326,Children & Family Movies
Gnome Alone,https://www.netflix.com/in/title/80232279,80232279,Children & Family Movies
Middle School: The Worst Years of My Life,https://www.netflix.com/in/title/80105067,80105067,Children & Family Movies
DJ Cinderella,https://www.netflix.com/in/title/80245601,80245601,Children & Family Movies
Animal Crackers,https://www.netflix.com/in/title/81191856,81191856,Children & Family Movies
Malibu Rescue,https://www.netflix.com/in/title/80223928,80223928,Children & Family Movies
A Christmas Prince,https://www.netflix.com/in/title/80160759,80160759,Children & Family Movies
A Christmas Prince: The Royal Baby,https://www.netflix.com/in/title/81029841,81029841,Children & Family Movies
The Christmas Chronicles,https://www.netflix.com/in/title/80199682,80199682,Children & Family Movies//Comedies
Angela's Christmas,https://www.netflix.com/in/title/80230507,80230507,Children & Family Movies
Holiday in the Wild,https://www.netflix.com/in/title/80231468,80231468,Children & Family Movies
The Magic School Bus Rides Again Kids In Space,https://www.netflix.com/in/title/81054979,81054979,Children & Family Movies
The Main Event,https://www.netflix.com/in/title/81024153,81024153,Children & Family Movies
A Christmas Prince: The Royal Wedding,https://www.netflix.com/in/title/80238204,80238204,Children & Family Movies
The Knight Before Christmas,https://www.netflix.com/in/title/81026188,81026188,Children & Family Movies//Comedies
White Fang,https://www.netflix.com/in/title/80245121,80245121,Children & Family Movies
Duck Duck Goose,https://www.netflix.com/in/title/80195962,80195962,Children & Family Movies
Dragons: Rescue Riders: Secrets of the Songwing,https://www.netflix.com/in/title/81055026,81055026,Children & Family Movies
GO! The Unforgettable Party,https://www.netflix.com/in/title/81162089,81162089,Children & Family Movies
Sugar High,https://www.netflix.com/in/title/81258641,81258641,Children & Family Movies
Walk. Ride. Rodeo.,https://www.netflix.com/in/title/80995799,80995799,Children & Family Movies
Super Monsters: The New Class,https://www.netflix.com/in/title/81162073,81162073,Children & Family Movies
Go Karts,https://www.netflix.com/in/title/80241136,80241136,Children & Family Movies
Puss in Book: Trapped in an Epic Tale,https://www.netflix.com/in/title/80151644,80151644,Children & Family Movies
Carmen Sandiego: To Steal or Not to Steal,https://www.netflix.com/in/title/80994695,80994695,Children & Family Movies
Candy Jar,https://www.netflix.com/in/title/80164864,80164864,Children & Family Movies
Captain Underpants Epic Choice-o-Rama,https://www.netflix.com/in/title/81019938,81019938,Children & Family Movies
Dragons: Rescue Riders: Hunt for the Golden Dragon,https://www.netflix.com/in/title/81046957,81046957,Children & Family Movies
Sahara,https://www.netflix.com/in/title/80161029,80161029,Children & Family Movies
Super Monsters Furever Friends,https://www.netflix.com/in/title/80999069,80999069,Children & Family Movies
Free Rein: Valentine's Day,https://www.netflix.com/in/title/81001413,81001413,Children & Family Movies
Good Sam,https://www.netflix.com/in/title/80998967,80998967,Children & Family Movies
Spirit Riding Free: Spirit of Christmas,https://www.netflix.com/in/title/81146370,81146370,Children & Family Movies
The Spooky Tale of Captain Underpants Hack-a-ween,https://www.netflix.com/in/title/81021976,81021976,Children & Family Movies
Super Monsters Back to School,https://www.netflix.com/in/title/81006335,81006335,Children & Family Movies
Coin Heist,https://www.netflix.com/in/title/80097725,80097725,Children & Family Movies
Free Rein: The Twelve Neighs of Christmas,https://www.netflix.com/in/title/81001412,81001412,Children & Family Movies
A Toot-Toot Cory Carson Summer Camp,https://www.netflix.com/in/title/81021356,81021356,Children & Family Movies
Modest Heroes: Ponoc Short Films Theatre,https://www.netflix.com/in/title/81143068,81143068,Children & Family Movies
Spelling the Dream,https://www.netflix.com/in/title/81069312,81069312,Children & Family Movies
Super Monsters Save Halloween,https://www.netflix.com/in/title/80999063,80999063,Children & Family Movies
Holiday Rush,https://www.netflix.com/in/title/81033086,81033086,Children & Family Movies
Pee-wee's Big Holiday,https://www.netflix.com/in/title/80031800,80031800,Children & Family Movies
Sitara: Let Girls Dream,https://www.netflix.com/in/title/81160765,81160765,Children & Family Movies
Super Monsters: Vida's First Halloween,https://www.netflix.com/in/title/81021243,81021243,Children & Family Movies
Super Monsters and the Wish Star,https://www.netflix.com/in/title/80999067,80999067,Children & Family Movies
True: Tricky Treat Day,https://www.netflix.com/in/title/81035117,81035117,Children & Family Movies
Stretch Armstrong: The Breakout,https://www.netflix.com/in/title/80135585,80135585,Children & Family Movies
Super Monsters Save Christmas,https://www.netflix.com/in/title/80235524,80235524,Children & Family Movies
True: Winter Wishes,https://www.netflix.com/in/title/81035121,81035121,Children & Family Movies
True: Grabbleapple Harvest,https://www.netflix.com/in/title/81035120,81035120,Children & Family Movies
Toot-Toot Cory Carson: The Chrissy,https://www.netflix.com/in/title/81021355,81021355,Children & Family Movies
Pachamama,https://www.netflix.com/in/title/81029736,81029736,Children & Family Movies
Kevin Hart's Guide to Black History,https://www.netflix.com/in/title/80231156,80231156,Children & Family Movies
True: Happy Hearts Day,https://www.netflix.com/in/title/81035127,81035127,Children & Family Movies
A StoryBots Christmas,https://www.netflix.com/in/title/80158854,80158854,Children & Family Movies
True: Wuzzle Wegg Day,https://www.netflix.com/in/title/81035122,81035122,Children & Family Movies
Prince of Peoria: A Christmas Moose Miracle,https://www.netflix.com/in/title/81018634,81018634,Children & Family Movies
"Oh, Ramona!",https://www.netflix.com/in/title/81092909,81092909,Comedies
The Babysitter,https://www.netflix.com/in/title/80164456,80164456,Comedies
Chopsticks,https://www.netflix.com/in/title/80993095,80993095,Comedies
Rich in Love,https://www.netflix.com/in/title/81047512,81047512,Comedies
Falling Inn Love,https://www.netflix.com/in/title/80999781,80999781,Comedies
Love Per Square Foot,https://www.netflix.com/in/title/80227304,80227304,Comedies
Kenny Sebastian: The Most Interesting Person in the Room,https://www.netflix.com/in/title/81134934,81134934,Comedies
Sierra Burgess Is a Loser,https://www.netflix.com/in/title/80239639,80239639,Comedies
Amit Tandon: Family Tandoncies,https://www.netflix.com/in/title/81094382,81094382,Comedies
Desperados,https://www.netflix.com/in/title/80238203,80238203,Comedies
#realityhigh,https://www.netflix.com/in/title/80125979,80125979,Comedies
Rajma Chawal,https://www.netflix.com/in/title/81018377,81018377,Comedies
The Package,https://www.netflix.com/in/title/80175147,80175147,Comedies
Vir Das: For India,https://www.netflix.com/in/title/80995996,80995996,Comedies
Maska,https://www.netflix.com/in/title/81082537,81082537,Comedies
15 August,https://www.netflix.com/in/title/81033429,81033429,Comedies
"Yours Sincerely, Kanan Gill",https://www.netflix.com/in/title/81111733,81111733,Comedies
House Arrest,https://www.netflix.com/in/title/81076114,81076114,Comedies
When We First Met,https://www.netflix.com/in/title/80117531,80117531,Comedies
Naked,https://www.netflix.com/in/title/80142058,80142058,Comedies
War Machine,https://www.netflix.com/in/title/80068327,80068327,Comedies
The Fundamentals of Caring,https://www.netflix.com/in/title/80097349,80097349,Comedies
Ibiza,https://www.netflix.com/in/title/80195049,80195049,Comedies
I Feel Pretty,https://www.netflix.com/in/title/80220496,80220496,Comedies
The Wrong Missy,https://www.netflix.com/in/title/81033865,81033865,Comedies
Seriously Single,https://www.netflix.com/in/title/81284392,81284392,Comedies
Airplane Mode,https://www.netflix.com/in/title/81056195,81056195,Comedies
The Week Of,https://www.netflix.com/in/title/80183328,80183328,Comedies
Vir Das: Abroad Understanding,https://www.netflix.com/in/title/80133552,80133552,Comedies
Kevin Hart: Irresponsible,https://www.netflix.com/in/title/80174687,80174687,Comedies
Isi & Ossi,https://www.netflix.com/in/title/81058435,81058435,Comedies
Step Sisters,https://www.netflix.com/in/title/80158485,80158485,Comedies
Love Wedding Repeat,https://www.netflix.com/in/title/80227754,80227754,Comedies
Vir Das: Losing It,https://www.netflix.com/in/title/80995991,80995991,Comedies
Under the Riccione Sun,https://www.netflix.com/in/title/81176235,81176235,Comedies
Trevor Noah: Son of Patricia,https://www.netflix.com/in/title/80239932,80239932,Comedies
Sextuplets,https://www.netflix.com/in/title/80231419,80231419,Comedies
Nappily Ever After,https://www.netflix.com/in/title/80189630,80189630,Comedies
Upstarts,https://www.netflix.com/in/title/80998890,80998890,Comedies
Dude,https://www.netflix.com/in/title/80192186,80192186,Comedies
The Dirt,https://www.netflix.com/in/title/80169469,80169469,Comedies
The Ballad of Buster Scruggs,https://www.netflix.com/in/title/80200267,80200267,Comedies
"Gabriel ""Fluffy"" Iglesias: One Show Fits All",https://www.netflix.com/in/title/80237903,80237903,Comedies
Ricky Gervais: Humanity,https://www.netflix.com/in/title/80189653,80189653,Comedies
Trevor Noah: Afraid of the Dark,https://www.netflix.com/in/title/80134969,80134969,Comedies
Gabriel lglesias: I’m Sorry For What I Said When I Was Hungry,https://www.netflix.com/in/title/80117628,80117628,Comedies
The Laundromat,https://www.netflix.com/in/title/80994011,80994011,Comedies
Hasan Minhaj: Homecoming King,https://www.netflix.com/in/title/80134781,80134781,Comedies
Brij Mohan Amar Rahe,https://www.netflix.com/in/title/80992995,80992995,Comedies
Dave Chappelle,https://www.netflix.com/in/title/80171965,80171965,Comedies
Dolemite Is My Name,https://www.netflix.com/in/title/80182014,80182014,Comedies
